agency,sku,volume,date,industry_volume,price_regular,price_actual,discount
Agency_02,SKU_03,7332.0282,2013-01-01,492612703,1250.300782,1129.909681,120.391101
Agency_02,SKU_03,8306.1975,2013-02-01,431937346,1248.07256,1162.879613,85.192947
Agency_02,SKU_03,9720.7125,2013-03-01,509281531,1270.6133630000002,1184.988902,85.624461
Agency_02,SKU_03,10325.5125,2013-04-01,532390389,1304.929887,1205.098245,99.831642
Agency_02,SKU_03,12091.2,2013-05-01,551755254,1313.989992,1189.206344,124.783648
Agency_02,SKU_03,13599.705,2013-06-01,531683569,1317.54595,1124.08254,193.46341
Agency_02,SKU_03,14313.645,2013-07-01,508376577,1327.308227,1145.546088,181.762139
Agency_02,SKU_03,16045.6575,2013-08-01,532480057,1327.483698,1125.013946,202.469752
Agency_02,SKU_03,15621.645,2013-09-01,454252482,1326.436984,1227.3522619999999,99.084722
Agency_02,SKU_03,15685.9398,2013-10-01,480693900,1325.144354,1279.193831,45.950523
Agency_02,SKU_03,12401.7678,2013-11-01,434960682,1318.985074,1090.50255,228.482524
Agency_02,SKU_03,14269.5675,2013-12-01,424138427,1325.861352,1168.6174039999999,157.243948
Agency_02,SKU_03,9722.232,2014-01-01,481364863,1321.436431,1067.107975,254.32845600000002
Agency_02,SKU_03,12093.6525,2014-02-01,425528909,1321.604076,1130.395878,191.208198
Agency_02,SKU_03,12074.1975,2014-03-01,557166363,1322.817076,1139.0288460000002,183.78823
Agency_02,SKU_03,13280.505,2014-04-01,514349463,1316.614299,1169.669345,146.944954
Agency_02,SKU_03,13763.4075,2014-05-01,574689995,1366.280503,1234.2953619999998,131.985141
Agency_02,SKU_03,12955.14,2014-06-01,553838801,1402.805269,1250.625776,152.17949299999998
Agency_02,SKU_03,12092.385,2014-07-01,550644737,1412.622934,1244.125211,168.497723
Agency_02,SKU_03,12469.7025,2014-08-01,522726357,1416.211166,1235.684753,180.526413
Agency_02,SKU_03,10665.8625,2014-09-01,413051813,1418.892509,1128.369362,290.523147
Agency_02,SKU_03,11538.594,2014-10-01,438831227,1415.497355,1242.650875,172.84648
Agency_02,SKU_03,9542.9646,2014-11-01,484133145,1413.74174,1106.184677,307.55706299999997
Agency_02,SKU_03,16438.2,2014-12-01,522571730,1416.0902820000001,1172.281512,243.80877
Agency_02,SKU_03,10304.4492,2015-01-01,498567142,1423.8545,1102.388716,321.465784
Agency_02,SKU_03,11788.59,2015-02-01,417947202,1420.2036679999999,1293.327936,126.87573200000001
Agency_02,SKU_03,14989.005,2015-03-01,515468092,1417.980654,1043.923874,374.05678
Agency_02,SKU_03,13106.8275,2015-04-01,503173607,1414.531758,1270.2114869999998,144.320271
Agency_02,SKU_03,13432.0275,2015-05-01,572293344,1441.686473,1249.134024,192.552449
Agency_02,SKU_03,13925.0775,2015-06-01,549967070,1468.450507,1269.974237,198.47627
Agency_02,SKU_03,14627.34,2015-07-01,573927221,1467.662505,1263.228865,204.43364
Agency_02,SKU_03,15022.335,2015-08-01,573733505,1462.1575619999999,1285.072275,177.08528700000002
Agency_02,SKU_03,13651.905,2015-09-01,553979958,1467.780861,1257.554903,210.22595800000002
Agency_02,SKU_03,12713.3496,2015-10-01,544203593,1531.870388,1352.951901,178.918487
Agency_02,SKU_03,11915.6562,2015-11-01,561516727,1533.7172039999998,1336.460053,197.257151
Agency_02,SKU_03,14128.3725,2015-12-01,568138672,1550.362157,1413.2782710000001,137.083886
Agency_02,SKU_03,9420.5484,2016-01-01,517389425,1548.127573,1283.4698369999999,264.657736
Agency_02,SKU_03,14422.7775,2016-02-01,532697061,1549.784134,1274.138862,275.64527200000003
Agency_02,SKU_03,21502.275,2016-03-01,556542731,1499.658098,1186.029772,313.62832599999996
Agency_02,SKU_03,19469.25,2016-04-01,589172265,1412.858624,1327.268981,85.58964300000001
Agency_02,SKU_03,22526.61,2016-05-01,555318882,1380.0513970000002,1309.149546,70.90185100000001
Agency_02,SKU_03,18525.6225,2016-06-01,538687923,1541.153371,1235.27687,305.87650099999996
Agency_02,SKU_03,16232.7975,2016-07-01,558020105,1538.95854,1227.499958,311.458582
Agency_02,SKU_03,14634.24,2016-08-01,668934850,1529.410281,1231.517887,297.89239399999997
Agency_02,SKU_03,19024.425,2016-09-01,615784543,1527.645211,1248.715175,278.930036
Agency_02,SKU_03,18693.4815,2016-10-01,629490371,1535.005527,1324.85495,210.150577
Agency_02,SKU_03,17123.82,2016-11-01,608313158,1508.6271199999999,1310.895856,197.73126399999998
Agency_02,SKU_03,19214.01,2016-12-01,622509370,1560.267771,1340.7965789999998,219.471192
Agency_02,SKU_03,11866.44075,2017-01-01,562154016,1636.303856,1401.7513880000001,234.552468
Agency_02,SKU_03,15508.9125,2017-02-01,530252010,1655.502828,1417.5949,237.90792799999997
Agency_02,SKU_03,18004.08,2017-03-01,613143990,1657.316795,1400.057785,257.25901
Agency_02,SKU_03,16767.21,2017-04-01,589969396,1652.3644160000001,1417.882667,234.48174900000004
Agency_02,SKU_03,21859.965,2017-05-01,628759461,1660.1579789999998,1437.075416,223.082563
Agency_02,SKU_03,19969.6575,2017-06-01,636846973,1652.993485,1436.267212,216.726273
Agency_02,SKU_03,21382.0575,2017-07-01,670015726,1665.86988,1422.995957,242.873923
Agency_02,SKU_03,20437.5825,2017-08-01,623319783,1678.3116850000001,1421.193428,257.11825699999997
Agency_02,SKU_03,20162.295,2017-09-01,604571152,1674.240426,1303.40987,370.830556
Agency_02,SKU_03,17254.8468,2017-10-01,616747012,1680.4491289999999,1454.076767,226.372362
Agency_02,SKU_03,17668.7925,2017-11-01,592195062,1676.0045949999999,1452.3723109999999,223.632284
Agency_02,SKU_03,18350.925,2017-12-01,618073219,1681.60111,1414.4289800000001,267.17213
Agency_50,SKU_02,10098.431999999999,2013-01-01,492612703,1225.171481,1125.231213,99.940268
Agency_50,SKU_02,11390.115,2013-02-01,431937346,1225.6055800000001,1167.553024,58.052556
Agency_50,SKU_02,13140.255,2013-03-01,509281531,1243.08464,1189.53189,53.55275
Agency_50,SKU_02,15311.805,2013-04-01,532390389,1268.131625,1219.971533,48.160092
Agency_50,SKU_02,17173.08,2013-05-01,551755254,1272.952732,1160.570593,112.382139
Agency_50,SKU_02,13755.7425,2013-06-01,531683569,1273.8419880000001,1194.5185099999999,79.32347800000001
Agency_50,SKU_02,12817.005,2013-07-01,508376577,1277.0821310000001,1222.682682,54.399449
Agency_50,SKU_02,14318.535,2013-08-01,532480057,1288.338238,1247.031142,41.307096
Agency_50,SKU_02,14197.68,2013-09-01,454252482,1298.490557,1204.321975,94.168582
Agency_50,SKU_02,12112.632,2013-10-01,480693900,1298.2116330000001,1237.062128,61.149505000000005
Agency_50,SKU_02,13519.332,2013-11-01,434960682,1297.289734,1191.4624880000001,105.827246
Agency_50,SKU_02,17624.52,2013-12-01,424138427,1299.0253460000001,1166.747087,132.27825900000002
Agency_50,SKU_02,9995.616,2014-01-01,481364863,1297.078713,1101.6372509999999,195.441462
Agency_50,SKU_02,12629.415,2014-02-01,425528909,1297.751818,1115.65848,182.093338
Agency_50,SKU_02,14049.3975,2014-03-01,557166363,1297.068261,1110.41762,186.65064099999998
Agency_50,SKU_02,15175.9425,2014-04-01,514349463,1296.92498,1099.270175,197.654805
Agency_50,SKU_02,14116.3575,2014-05-01,574689995,1336.0358449999999,1077.9856109999998,258.050234
Agency_50,SKU_02,13538.6625,2014-06-01,553838801,1342.1329779999999,946.7048808000001,395.4280972
Agency_50,SKU_02,11968.56,2014-07-01,550644737,1364.2068689999999,1206.009073,158.19779599999998
Agency_50,SKU_02,13303.335,2014-08-01,522726357,1366.457077,1237.795637,128.66144
Agency_50,SKU_02,14237.745,2014-09-01,413051813,1365.913094,1233.149778,132.763316
Agency_50,SKU_02,12922.956,2014-10-01,438831227,1363.059159,1221.921677,141.137482
Agency_50,SKU_02,12940.56,2014-11-01,484133145,1365.149504,1198.676544,166.47296
Agency_50,SKU_02,13900.68,2014-12-01,522571730,1375.276512,1274.310144,100.966368
Agency_50,SKU_02,8351.208,2015-01-01,498567142,1373.7974359999998,1259.829027,113.96840900000001
Agency_50,SKU_02,12114.255,2015-02-01,417947202,1370.7271349999999,1216.057153,154.669982
Agency_50,SKU_02,13187.6625,2015-03-01,515468092,1363.010723,1133.753756,229.256967
Agency_50,SKU_02,15388.275,2015-04-01,503173607,1362.821132,1127.969062,234.85207000000003
Agency_50,SKU_02,15252.0825,2015-05-01,572293344,1362.911468,1114.530957,248.38051099999998
Agency_50,SKU_02,14286.4575,2015-06-01,549967070,1389.6712109999999,1147.507636,242.163575
Agency_50,SKU_02,14326.095,2015-07-01,573927221,1388.221246,1151.2084,237.012846
Agency_50,SKU_02,14097.675,2015-08-01,573733505,1387.499537,1183.287758,204.211779
Agency_50,SKU_02,14230.62,2015-09-01,553979958,1382.497711,1159.5707869999999,222.926924
Agency_50,SKU_02,12596.04,2015-10-01,544203593,1431.328301,1200.3106380000002,231.017663
Agency_50,SKU_02,12545.28,2015-11-01,561516727,1419.9960720000001,1136.7453150000001,283.25075699999996
Agency_50,SKU_02,15128.64,2015-12-01,568138672,1429.321882,1176.522886,252.798996
Agency_50,SKU_02,9711.468,2016-01-01,517389425,1441.139324,1052.406653,388.732671
Agency_50,SKU_02,9585.435,2016-02-01,532697061,1423.991317,1099.4559359999998,324.53538100000003
Agency_50,SKU_02,13032.5775,2016-03-01,556542731,1432.969943,1175.528993,257.44095
Agency_50,SKU_02,14133.7425,2016-04-01,589172265,1478.021765,1168.088215,309.93355
Agency_50,SKU_02,16590.42,2016-05-01,555318882,1456.458809,1205.3648349999999,251.09397400000003
Agency_50,SKU_02,13964.7225,2016-06-01,538687923,1451.530035,1187.8141970000001,263.71583799999996
Agency_50,SKU_02,12812.685,2016-07-01,558020105,1459.258342,1203.69922,255.55912200000003
Agency_50,SKU_02,13026.2025,2016-08-01,668934850,1439.379258,1226.890905,212.488353
Agency_50,SKU_02,13325.7975,2016-09-01,615784543,1608.083076,1280.857916,327.22516
Agency_50,SKU_02,12640.86,2016-10-01,629490371,1618.336755,1278.498439,339.838316
Agency_50,SKU_02,12648.315,2016-11-01,608313158,1613.298734,1260.3203039999999,352.97843
Agency_50,SKU_02,13700.5575,2016-12-01,622509370,1623.165888,1283.712897,339.452991
Agency_50,SKU_02,8065.656,2017-01-01,562154016,1636.416881,1318.506835,317.910046
Agency_50,SKU_02,9367.0575,2017-02-01,530252010,1635.7171349999999,1310.3123369999998,325.40479799999997
Agency_50,SKU_02,9952.74,2017-03-01,613143990,1636.74722,1314.7128910000001,322.034329
Agency_50,SKU_02,13322.235,2017-04-01,589969396,1637.1323949999999,1208.1630300000002,428.96936500000004
Agency_50,SKU_02,7956.1425,2017-05-01,628759461,1665.529406,1373.446971,292.08243500000003
Agency_50,SKU_02,9214.3425,2017-06-01,636846973,1661.898551,1373.486211,288.41234
Agency_50,SKU_02,10729.4775,2017-07-01,670015726,1668.6864859999998,1339.4786609999999,329.207825
Agency_50,SKU_02,11880.2175,2017-08-01,623319783,1662.4700599999999,1339.4782699999998,322.99179
Agency_50,SKU_02,10982.955,2017-09-01,604571152,1677.7843850000002,1230.883313,446.901072
Agency_50,SKU_02,13189.392,2017-10-01,616747012,1678.855689,1211.370431,467.485258
Agency_50,SKU_02,5716.764,2017-11-01,592195062,1673.557976,1324.867197,348.690779
Agency_50,SKU_02,7576.095,2017-12-01,618073219,1705.958404,1371.071978,334.886426
Agency_05,SKU_01,8780.508,2013-01-01,492612703,1173.269642,1072.512848,100.756794
Agency_05,SKU_01,10379.235,2013-02-01,431937346,1172.7599599999999,1073.811577,98.94838299999999
Agency_05,SKU_01,10969.56,2013-03-01,509281531,1197.108008,1096.653831,100.454177
Agency_05,SKU_01,13924.2225,2013-04-01,532390389,1233.728601,1133.0127029999999,100.715898
Agency_05,SKU_01,15168.165,2013-05-01,551755254,1236.618318,1135.649487,100.96883100000001
Agency_05,SKU_01,13752.615,2013-06-01,531683569,1239.595644,1135.403955,104.191689
Agency_05,SKU_01,12516.9825,2013-07-01,508376577,1242.346464,1139.929611,102.416853
Agency_05,SKU_01,13829.0775,2013-08-01,532480057,1240.8094800000001,1143.486875,97.32260500000001
Agency_05,SKU_01,11695.215,2013-09-01,454252482,1242.111423,1144.4745580000001,97.636865
Agency_05,SKU_01,13187.124,2013-10-01,480693900,1241.6072060000001,1144.757242,96.849964
Agency_05,SKU_01,11345.508,2013-11-01,434960682,1240.111559,1138.336603,101.774956
Agency_05,SKU_01,12425.295,2013-12-01,424138427,1242.446108,1130.446465,111.99964299999999
Agency_05,SKU_01,8792.171999999999,2014-01-01,481364863,1240.461454,1117.1705359999999,123.29091799999999
Agency_05,SKU_01,11086.305,2014-02-01,425528909,1240.074282,1073.042743,167.03153899999998
Agency_05,SKU_01,12706.74,2014-03-01,557166363,1240.9488900000001,1060.097194,180.851696
Agency_05,SKU_01,16759.1175,2014-04-01,514349463,1241.84752,1059.194335,182.653185
Agency_05,SKU_01,13016.055,2014-05-01,574689995,1318.490608,1176.325041,142.16556699999998
Agency_05,SKU_01,15310.4025,2014-06-01,553838801,1321.7068570000001,1202.087776,119.61908100000001
Agency_05,SKU_01,12527.1375,2014-07-01,550644737,1345.900028,1238.9353199999998,106.964708
Agency_05,SKU_01,12743.1375,2014-08-01,522726357,1346.073564,1248.464356,97.609208
Agency_05,SKU_01,12716.46,2014-09-01,413051813,1346.055822,1240.874673,105.181149
Agency_05,SKU_01,13049.964,2014-10-01,438831227,1347.413107,1236.2610849999999,111.152022
Agency_05,SKU_01,11499.3,2014-11-01,484133145,1347.67372,1238.614116,109.05960400000001
Agency_05,SKU_01,13299.4425,2014-12-01,522571730,1346.655624,1236.718241,109.93738300000001
Agency_05,SKU_01,9026.964,2015-01-01,498567142,1347.571811,1233.782807,113.789004
Agency_05,SKU_01,12433.605,2015-02-01,417947202,1344.026093,1176.292031,167.73406200000002
Agency_05,SKU_01,22126.605,2015-03-01,515468092,1348.113198,1043.266955,304.846243
Agency_05,SKU_01,15449.94,2015-04-01,503173607,1339.236801,1104.9727599999999,234.26404100000002
Agency_05,SKU_01,14445.975,2015-05-01,572293344,1348.038085,1136.761502,211.27658300000002
Agency_05,SKU_01,16573.575,2015-06-01,549967070,1391.047608,1219.042343,172.00526499999998
Agency_05,SKU_01,14101.455,2015-07-01,573927221,1387.275968,1220.502076,166.773892
Agency_05,SKU_01,14194.6575,2015-08-01,573733505,1387.8148429999999,1215.282064,172.532779
Agency_05,SKU_01,13814.28,2015-09-01,553979958,1413.074684,1246.403223,166.67146100000002
Agency_05,SKU_01,12681.36,2015-10-01,544203593,1431.555265,1285.525448,146.02981699999998
Agency_05,SKU_01,11349.288,2015-11-01,561516727,1427.132519,1280.871189,146.26133000000002
Agency_05,SKU_01,11668.86,2015-12-01,568138672,1428.478317,1272.155883,156.32243400000002
Agency_05,SKU_01,8128.404,2016-01-01,517389425,1432.4933839999999,1300.817183,131.676201
Agency_05,SKU_01,10489.1775,2016-02-01,532697061,1450.493015,1283.764718,166.728297
Agency_05,SKU_01,12360.705,2016-03-01,556542731,1394.060217,1211.896517,182.1637
Agency_05,SKU_01,14954.325,2016-04-01,589172265,1313.3045359999999,1198.962694,114.34184199999999
Agency_05,SKU_01,15140.955,2016-05-01,555318882,1457.111528,1293.619074,163.492454
Agency_05,SKU_01,15633.435,2016-06-01,538687923,1453.327868,1253.394917,199.932951
Agency_05,SKU_01,14798.595,2016-07-01,558020105,1520.5808359999999,1211.3467289999999,309.234107
Agency_05,SKU_01,16847.025,2016-08-01,668934850,1523.6632339999999,1201.244656,322.41857799999997
Agency_05,SKU_01,12153.78,2016-09-01,615784543,1603.5923710000002,1277.464594,326.127777
Agency_05,SKU_01,12037.896,2016-10-01,629490371,1612.512716,1279.9556539999999,332.55706200000003
Agency_05,SKU_01,13809.96,2016-11-01,608313158,1598.6342539999998,1268.0209869999999,330.613267
Agency_05,SKU_01,13724.205,2016-12-01,622509370,1620.9559,1258.9631869999998,361.992713
Agency_05,SKU_01,5459.184,2017-01-01,562154016,1672.4353210000002,1229.889594,442.54572699999994
Agency_05,SKU_01,10664.025,2017-02-01,530252010,1682.1409190000002,1282.5185119999999,399.622407
Agency_05,SKU_01,12099.5625,2017-03-01,613143990,1679.550502,1288.437406,391.113096
Agency_05,SKU_01,13220.0625,2017-04-01,589969396,1680.770252,1185.324556,495.445696
Agency_05,SKU_01,12966.2625,2017-05-01,628759461,1679.2879670000002,1339.401602,339.886365
Agency_05,SKU_01,10573.4175,2017-06-01,636846973,1676.637207,1354.688631,321.948576
Agency_05,SKU_01,13329.9,2017-07-01,670015726,1679.41361,1328.435374,350.978236
Agency_05,SKU_01,11190.525,2017-08-01,623319783,1679.375573,1337.668512,341.707061
Agency_05,SKU_01,12247.635,2017-09-01,604571152,1678.443089,1215.795366,462.64772300000004
Agency_05,SKU_01,13003.848,2017-10-01,616747012,1675.348042,1204.125276,471.22276600000004
Agency_05,SKU_01,6669.108,2017-11-01,592195062,1666.49218,1290.339172,376.153008
Agency_05,SKU_01,4852.98,2017-12-01,618073219,1696.994557,1388.0998339999999,308.894723
Agency_60,SKU_01,9504.54,2013-01-01,492612703,1221.240097,1129.151612,92.08848499999999
Agency_60,SKU_01,10709.385,2013-02-01,431937346,1220.867654,1125.34145,95.526204
Agency_60,SKU_01,11848.575,2013-03-01,509281531,1245.46073,1150.6689789999998,94.791751
Agency_60,SKU_01,12531.9975,2013-04-01,532390389,1279.454584,1189.134802,90.31978199999999
Agency_60,SKU_01,13597.2,2013-05-01,551755254,1282.529659,1193.168502,89.36115699999999
Agency_60,SKU_01,11598.3375,2013-06-01,531683569,1286.618268,1194.770363,91.84790500000001
Agency_60,SKU_01,11326.7175,2013-07-01,508376577,1286.5291320000001,1198.297507,88.231625
Agency_60,SKU_01,11700.3975,2013-08-01,532480057,1286.461264,1193.6940550000002,92.767209
Agency_60,SKU_01,9816.555,2013-09-01,454252482,1287.2139359999999,1193.7791109999998,93.434825
Agency_60,SKU_01,11682.036,2013-10-01,480693900,1288.915712,1193.478247,95.437465
Agency_60,SKU_01,10814.688,2013-11-01,434960682,1295.747865,1146.1718449999998,149.57602
Agency_60,SKU_01,13687.5975,2013-12-01,424138427,1295.775308,1124.472767,171.302541
Agency_60,SKU_01,9813.96,2014-01-01,481364863,1295.377089,1099.960259,195.41683
Agency_60,SKU_01,11914.3425,2014-02-01,425528909,1295.206162,1023.3201449999999,271.886017
Agency_60,SKU_01,13210.02,2014-03-01,557166363,1295.1275349999999,1027.325848,267.801687
Agency_60,SKU_01,14875.275,2014-04-01,514349463,1295.472221,1027.121046,268.351175
Agency_60,SKU_01,12507.8025,2014-05-01,574689995,1317.781178,1205.142711,112.63846699999999
Agency_60,SKU_01,11839.5,2014-06-01,553838801,1332.947876,1235.447189,97.500687
Agency_60,SKU_01,10731.7425,2014-07-01,550644737,1334.5944980000002,1240.897835,93.696663
Agency_60,SKU_01,12087.9,2014-08-01,522726357,1337.031074,1231.612889,105.41818500000001
Agency_60,SKU_01,11573.4975,2014-09-01,413051813,1337.922777,1230.852211,107.07056599999999
Agency_60,SKU_01,10503.431999999999,2014-10-01,438831227,1337.745959,1227.940193,109.80576599999999
Agency_60,SKU_01,10698.156,2014-11-01,484133145,1338.248392,1206.061614,132.186778
Agency_60,SKU_01,12766.14,2014-12-01,522571730,1337.699065,1239.051605,98.64746
Agency_60,SKU_01,10423.188,2015-01-01,498567142,1337.98843,1220.620376,117.368054
Agency_60,SKU_01,11181.0225,2015-02-01,417947202,1335.249087,1200.270836,134.978251
Agency_60,SKU_01,14351.04,2015-03-01,515468092,1335.838028,1151.091973,184.746055
Agency_60,SKU_01,14939.3175,2015-04-01,503173607,1332.513354,1161.753678,170.759676
Agency_60,SKU_01,12427.125,2015-05-01,572293344,1337.397094,1186.968183,150.428911
Agency_60,SKU_01,12162.6375,2015-06-01,549967070,1369.677016,1219.365486,150.31153
Agency_60,SKU_01,12326.58,2015-07-01,573927221,1368.400385,1231.355644,137.044741
Agency_60,SKU_01,12825.105,2015-08-01,573733505,1362.50567,1233.519511,128.98615900000001
Agency_60,SKU_01,12055.935,2015-09-01,553979958,1362.1383640000001,1234.393123,127.745241
Agency_60,SKU_01,10503.756000000001,2015-10-01,544203593,1395.891948,1265.640067,130.251881
Agency_60,SKU_01,10108.044,2015-11-01,561516727,1416.247906,1281.794276,134.45363
Agency_60,SKU_01,12845.1975,2015-12-01,568138672,1428.4015259999999,1291.253162,137.148364
Agency_60,SKU_01,9617.832,2016-01-01,517389425,1439.491662,1127.0667939999998,312.424868
Agency_60,SKU_01,8731.5825,2016-02-01,532697061,1423.171163,1275.8622,147.30896299999998
Agency_60,SKU_01,11923.74,2016-03-01,556542731,1422.812398,1288.686991,134.125407
Agency_60,SKU_01,13967.1,2016-04-01,589172265,1439.694718,1233.761278,205.93344
Agency_60,SKU_01,14022.285,2016-05-01,555318882,1433.9484710000002,1234.031171,199.9173
Agency_60,SKU_01,11650.395,2016-06-01,538687923,1441.054561,1226.272753,214.781808
Agency_60,SKU_01,12570.9825,2016-07-01,558020105,1447.100743,1228.052868,219.047875
Agency_60,SKU_01,11845.875,2016-08-01,668934850,1440.353883,1239.617632,200.736251
Agency_60,SKU_01,11585.4825,2016-09-01,615784543,1579.797565,1314.954384,264.843181
Agency_60,SKU_01,10275.12,2016-10-01,629490371,1585.9199720000001,1295.3094429999999,290.610529
Agency_60,SKU_01,11235.24,2016-11-01,608313158,1585.668598,1271.385284,314.283314
Agency_60,SKU_01,12070.185,2016-12-01,622509370,1588.171152,1294.917687,293.253465
Agency_60,SKU_01,8084.772,2017-01-01,562154016,1615.109549,1335.754962,279.35458700000004
Agency_60,SKU_01,9816.765,2017-02-01,530252010,1633.95356,1331.422707,302.530853
Agency_60,SKU_01,11846.625,2017-03-01,613143990,1631.716258,1304.53316,327.183098
Agency_60,SKU_01,11153.595,2017-04-01,589969396,1619.010188,1240.50613,378.504058
Agency_60,SKU_01,14075.9625,2017-05-01,628759461,1663.360753,1349.733704,313.627049
Agency_60,SKU_01,12955.8975,2017-06-01,636846973,1669.334216,1354.215927,315.118289
Agency_60,SKU_01,11705.7975,2017-07-01,670015726,1674.391568,1328.708337,345.683231
Agency_60,SKU_01,13038.195,2017-08-01,623319783,1674.573501,1334.128765,340.444736
Agency_60,SKU_01,10786.065,2017-09-01,604571152,1674.787787,1245.772154,429.015633
Agency_60,SKU_01,12871.872,2017-10-01,616747012,1676.1869179999999,1233.343438,442.84348
Agency_60,SKU_01,9961.92,2017-11-01,592195062,1667.980247,1307.109848,360.870399
Agency_60,SKU_01,11841.9825,2017-12-01,618073219,1691.823209,1351.755764,340.067445
Agency_12,SKU_01,9191.771999999999,2013-01-01,492612703,1205.459203,1100.188659,105.270544
Agency_12,SKU_01,10560.135,2013-02-01,431937346,1205.516466,1093.713698,111.802768
Agency_12,SKU_01,10798.38,2013-03-01,509281531,1229.89153,1117.41211,112.47941999999999
Agency_12,SKU_01,12296.985,2013-04-01,532390389,1269.224924,1155.370669,113.85425500000001
Agency_12,SKU_01,11849.76,2013-05-01,551755254,1275.6979939999999,1157.2667470000001,118.431247
Agency_12,SKU_01,10575.255,2013-06-01,531683569,1280.64191,1166.526871,114.115039
Agency_12,SKU_01,10381.5,2013-07-01,508376577,1280.812044,1167.397819,113.414225
Agency_12,SKU_01,11410.635,2013-08-01,532480057,1281.004852,1159.599177,121.405675
Agency_12,SKU_01,8888.6175,2013-09-01,454252482,1280.267154,1171.4049220000002,108.862232
Agency_12,SKU_01,9397.836,2013-10-01,480693900,1280.9880050000002,1174.7328949999999,106.25511000000002
Agency_12,SKU_01,9835.668,2013-11-01,434960682,1286.7729689999999,1111.385864,175.387105
Agency_12,SKU_01,12849.6225,2013-12-01,424138427,1287.057083,1079.4999970000001,207.557086
Agency_12,SKU_01,8780.4,2014-01-01,481364863,1286.801008,1069.987944,216.81306400000003
Agency_12,SKU_01,11052.72,2014-02-01,425528909,1286.804488,1003.7058490000001,283.098639
Agency_12,SKU_01,11291.1825,2014-03-01,557166363,1287.123261,1027.662258,259.461003
Agency_12,SKU_01,13004.82,2014-04-01,514349463,1287.2293650000001,1034.933939,252.29542599999996
Agency_12,SKU_01,10376.745,2014-05-01,574689995,1331.396938,1173.393392,158.003546
Agency_12,SKU_01,10954.545,2014-06-01,553838801,1332.0681650000001,1190.7004789999999,141.36768600000002
Agency_12,SKU_01,9086.58,2014-07-01,550644737,1336.469988,1227.752695,108.717293
Agency_12,SKU_01,11112.765,2014-08-01,522726357,1338.947497,1198.2696529999998,140.677844
Agency_12,SKU_01,10065.2775,2014-09-01,413051813,1339.1580119999999,1200.326817,138.831195
Agency_12,SKU_01,10351.8,2014-10-01,438831227,1339.0928529999999,1204.837264,134.255589
Agency_12,SKU_01,9923.796,2014-11-01,484133145,1339.289657,1202.625174,136.66448300000002
Agency_12,SKU_01,11763.5775,2014-12-01,522571730,1339.087053,1210.941935,128.145118
Agency_12,SKU_01,9582.624,2015-01-01,498567142,1339.3715550000002,1190.02865,149.342905
Agency_12,SKU_01,9103.755,2015-02-01,417947202,1341.227938,1163.8693369999999,177.358601
Agency_12,SKU_01,13658.5425,2015-03-01,515468092,1335.92907,1055.600573,280.328497
Agency_12,SKU_01,12012.6225,2015-04-01,503173607,1336.0683390000002,1131.313764,204.754575
Agency_12,SKU_01,11559.4575,2015-05-01,572293344,1345.563885,1111.035011,234.52887400000003
Agency_12,SKU_01,10879.485,2015-06-01,549967070,1370.566143,1121.338476,249.227667
Agency_12,SKU_01,10959.945,2015-07-01,573927221,1372.8675050000002,1108.020919,264.846586
Agency_12,SKU_01,11936.055,2015-08-01,573733505,1377.220001,1112.00188,265.218121
Agency_12,SKU_01,14286.885,2015-09-01,553979958,1379.545139,1057.626129,321.91901
Agency_12,SKU_01,11008.332,2015-10-01,544203593,1417.209449,1085.478968,331.730481
Agency_12,SKU_01,14284.403999999999,2015-11-01,561516727,1438.229349,1053.0969890000001,385.13236
Agency_12,SKU_01,20423.775,2015-12-01,568138672,1450.2175439999999,1027.497617,422.7199269999999
Agency_12,SKU_01,10680.444,2016-01-01,517389425,1460.2117970000002,963.2382831,496.97351389999994
Agency_12,SKU_01,10696.965,2016-02-01,532697061,1460.823163,1106.705138,354.118025
Agency_12,SKU_01,13614.6975,2016-03-01,556542731,1460.30935,1059.940509,400.36884100000003
Agency_12,SKU_01,12732.8775,2016-04-01,589172265,1486.07505,1084.508699,401.566351
Agency_12,SKU_01,13676.37,2016-05-01,555318882,1483.9063,1078.57162,405.33468
Agency_12,SKU_01,12756.855,2016-06-01,538687923,1461.9127839999999,1120.306316,341.606468
Agency_12,SKU_01,14409.795,2016-07-01,558020105,1488.467423,1113.1491429999999,375.31827999999996
Agency_12,SKU_01,12213.5025,2016-08-01,668934850,1483.07962,1141.493227,341.58639300000004
Agency_12,SKU_01,11268.9375,2016-09-01,615784543,1570.352421,1239.666259,330.686162
Agency_12,SKU_01,11159.64,2016-10-01,629490371,1582.398186,1243.032777,339.365409
Agency_12,SKU_01,12387.165,2016-11-01,608313158,1585.412394,1209.135955,376.27643900000004
Agency_12,SKU_01,10811.235,2016-12-01,622509370,1554.662697,1206.116276,348.546421
Agency_12,SKU_01,9858.456,2017-01-01,562154016,1630.446134,1275.369915,355.076219
Agency_12,SKU_01,10609.5975,2017-02-01,530252010,1647.790693,1270.389191,377.401502
Agency_12,SKU_01,10431.825,2017-03-01,613143990,1642.854151,1256.4579509999999,386.3962
Agency_12,SKU_01,12947.2575,2017-04-01,589969396,1642.870415,1197.742674,445.127741
Agency_12,SKU_01,15959.805,2017-05-01,628759461,1670.244498,1294.833385,375.411113
Agency_12,SKU_01,14079.2025,2017-06-01,636846973,1675.601582,1302.116702,373.48488
Agency_12,SKU_01,12647.235,2017-07-01,670015726,1689.867491,1288.568675,401.298816
Agency_12,SKU_01,15954.3,2017-08-01,623319783,1690.6995769999999,1284.800609,405.898968
Agency_12,SKU_01,11849.655,2017-09-01,604571152,1686.1491460000002,1217.624573,468.52457300000003
Agency_12,SKU_01,11157.48,2017-10-01,616747012,1684.3271140000002,1210.620434,473.70668
Agency_12,SKU_01,7931.415,2017-11-01,592195062,1687.865198,1252.446539,435.418659
Agency_12,SKU_01,12024.3975,2017-12-01,618073219,1705.265987,1312.026133,393.239854
Agency_20,SKU_02,8410.284,2013-01-01,492612703,1166.680919,1057.56548,109.115439
Agency_20,SKU_02,8614.515,2013-02-01,431937346,1166.792821,1056.278333,110.51448799999999
Agency_20,SKU_02,9916.995,2013-03-01,509281531,1193.383881,1080.106454,113.277427
Agency_20,SKU_02,10421.6775,2013-04-01,532390389,1234.880917,1117.814468,117.066449
Agency_20,SKU_02,10742.4375,2013-05-01,551755254,1245.654784,1128.079846,117.57493799999999
Agency_20,SKU_02,9472.785,2013-06-01,531683569,1251.486569,1142.314502,109.172067
Agency_20,SKU_02,9180.2175,2013-07-01,508376577,1251.958383,1141.803884,110.154499
Agency_20,SKU_02,10093.68,2013-08-01,532480057,1251.76411,1142.436549,109.32756100000002
Agency_20,SKU_02,10288.9425,2013-09-01,454252482,1251.936725,1098.067523,153.869202
Agency_20,SKU_02,8736.011999999999,2013-10-01,480693900,1254.723661,1153.505322,101.218339
Agency_20,SKU_02,8779.86,2013-11-01,434960682,1255.919122,1111.558411,144.360711
Agency_20,SKU_02,10524.3825,2013-12-01,424138427,1256.215469,1106.790929,149.42453999999998
Agency_20,SKU_02,8385.011999999999,2014-01-01,481364863,1255.9500269999999,1081.246525,174.70350200000001
Agency_20,SKU_02,10077.48,2014-02-01,425528909,1255.949491,1012.059023,243.89046800000003
Agency_20,SKU_02,11299.7175,2014-03-01,557166363,1255.940796,1007.6828810000001,248.257915
Agency_20,SKU_02,13244.2575,2014-04-01,514349463,1256.8602210000001,1002.078302,254.781919
Agency_20,SKU_02,11331.9,2014-05-01,574689995,1332.856034,1213.657636,119.198398
Agency_20,SKU_02,11535.6975,2014-06-01,553838801,1328.956625,1222.3188189999998,106.63780600000001
Agency_20,SKU_02,10765.545,2014-07-01,550644737,1336.819767,1207.887939,128.931828
Agency_20,SKU_02,10236.885,2014-08-01,522726357,1338.760336,1212.472319,126.288017
Agency_20,SKU_02,9163.8,2014-09-01,413051813,1347.012894,1229.7757279999998,117.23716599999999
Agency_20,SKU_02,9886.32,2014-10-01,438831227,1346.647019,1206.985099,139.66192
Agency_20,SKU_02,10366.596,2014-11-01,484133145,1346.328809,1195.209844,151.118965
Agency_20,SKU_02,11454.8025,2014-12-01,522571730,1348.065755,1176.734921,171.330834
Agency_20,SKU_02,7495.524,2015-01-01,498567142,1347.91905,1211.145618,136.773432
Agency_20,SKU_02,10477.725,2015-02-01,417947202,1310.4620730000001,1171.748828,138.713245
Agency_20,SKU_02,11013.3,2015-03-01,515468092,1298.263783,1145.412849,152.850934
Agency_20,SKU_02,12693.4575,2015-04-01,503173607,1312.199404,1204.9634800000001,107.235924
Agency_20,SKU_02,13042.2975,2015-05-01,572293344,1308.807407,1165.096425,143.710982
Agency_20,SKU_02,8950.8225,2015-06-01,549967070,1380.034574,1216.7668449999999,163.267729
Agency_20,SKU_02,11610.0,2015-07-01,573927221,1377.172788,1215.2921119999999,161.880676
Agency_20,SKU_02,11492.175,2015-08-01,573733505,1376.056983,1218.236233,157.82075
Agency_20,SKU_02,10965.885,2015-09-01,553979958,1377.1942390000002,1216.771647,160.42259199999998
Agency_20,SKU_02,9585.54,2015-10-01,544203593,1426.864013,1259.156798,167.707215
Agency_20,SKU_02,9974.771999999999,2015-11-01,561516727,1429.761184,1268.704071,161.057113
Agency_20,SKU_02,11599.4175,2015-12-01,568138672,1435.5202160000001,1267.621661,167.89855500000002
Agency_20,SKU_02,7891.991999999999,2016-01-01,517389425,1448.501939,1277.053854,171.44808500000002
Agency_20,SKU_02,9016.485,2016-02-01,532697061,1447.843552,1269.740309,178.103243
Agency_20,SKU_02,12434.7975,2016-03-01,556542731,1447.126913,1263.113728,184.01318500000002
Agency_20,SKU_02,14772.135,2016-04-01,589172265,1476.123077,1287.761567,188.36151
Agency_20,SKU_02,15265.8,2016-05-01,555318882,1484.108553,1243.270803,240.83775
Agency_20,SKU_02,12275.715,2016-06-01,538687923,1472.5374140000001,1218.142236,254.395178
Agency_20,SKU_02,13315.5375,2016-07-01,558020105,1481.394137,1234.9539320000001,246.440205
Agency_20,SKU_02,14261.6175,2016-08-01,668934850,1480.4352820000001,1206.6864449999998,273.74883700000004
Agency_20,SKU_02,12251.52,2016-09-01,615784543,1581.639817,1361.8463869999998,219.79342999999997
Agency_20,SKU_02,12496.464,2016-10-01,629490371,1588.726422,1206.7178720000002,382.00855
Agency_20,SKU_02,13301.925,2016-11-01,608313158,1585.9583599999999,1208.103755,377.854605
Agency_20,SKU_02,15886.0425,2016-12-01,622509370,1591.872155,1247.401368,344.47078700000003
Agency_20,SKU_02,8668.404,2017-01-01,562154016,1630.548473,1286.422949,344.12552400000004
Agency_20,SKU_02,12367.515,2017-02-01,530252010,1645.760791,1285.665409,360.095382
Agency_20,SKU_02,14554.62,2017-03-01,613143990,1644.383516,1250.7696050000002,393.613911
Agency_20,SKU_02,15240.42,2017-04-01,589969396,1643.57403,1242.185992,401.388038
Agency_20,SKU_02,14725.8,2017-05-01,628759461,1669.695915,1332.842801,336.853114
Agency_20,SKU_02,14382.9,2017-06-01,636846973,1676.808229,1324.254764,352.553465
Agency_20,SKU_02,14626.005,2017-07-01,670015726,1681.500818,1319.7203550000002,361.780463
Agency_20,SKU_02,14369.6175,2017-08-01,623319783,1681.363136,1320.921638,360.441498
Agency_20,SKU_02,15218.715,2017-09-01,604571152,1680.902613,1219.112047,461.790566
Agency_20,SKU_02,14177.376,2017-10-01,616747012,1681.661239,1199.2198970000002,482.441342
Agency_20,SKU_02,8154.7575,2017-11-01,592195062,1680.1852609999999,1299.969241,380.21602
Agency_20,SKU_02,12514.395,2017-12-01,618073219,1709.7306449999999,1378.937483,330.793162
Agency_30,SKU_03,8437.8348,2013-01-01,492612703,1271.468267,1121.338131,150.13013600000002
Agency_30,SKU_03,8811.51,2013-02-01,431937346,1271.0234890000002,1131.5362480000001,139.48724099999998
Agency_30,SKU_03,9474.0975,2013-03-01,509281531,1305.1423849999999,1175.922671,129.21971399999998
Agency_30,SKU_03,9492.9675,2013-04-01,532390389,1353.040772,1209.9932820000001,143.04748999999998
Agency_30,SKU_03,9557.175,2013-05-01,551755254,1362.2358199999999,1203.074834,159.160986
Agency_30,SKU_03,8551.875,2013-06-01,531683569,1368.267638,1170.123236,198.144402
Agency_30,SKU_03,8968.4475,2013-07-01,508376577,1369.2724970000002,1189.26574,180.006757
Agency_30,SKU_03,9634.8375,2013-08-01,532480057,1368.8800130000002,1168.4562050000002,200.423808
Agency_30,SKU_03,8722.3425,2013-09-01,454252482,1369.139909,1181.109978,188.029931
Agency_30,SKU_03,9616.2282,2013-10-01,480693900,1369.193665,1232.292592,136.901073
Agency_30,SKU_03,8224.2198,2013-11-01,434960682,1368.684947,1201.654967,167.02998
Agency_30,SKU_03,10577.115,2013-12-01,424138427,1369.612576,1201.409765,168.202811
Agency_30,SKU_03,8382.5064,2014-01-01,481364863,1397.197764,1148.892593,248.305171
Agency_30,SKU_03,9177.66,2014-02-01,425528909,1401.4689529999998,1196.521042,204.947911
Agency_30,SKU_03,10839.4575,2014-03-01,557166363,1401.513791,1190.309687,211.204104
Agency_30,SKU_03,11292.24,2014-04-01,514349463,1401.9859470000001,1175.320908,226.665039
Agency_30,SKU_03,9346.695,2014-05-01,574689995,1434.0837880000001,1167.0695289999999,267.014259
Agency_30,SKU_03,10270.695,2014-06-01,553838801,1456.570297,1175.7236,280.846697
Agency_30,SKU_03,10287.0225,2014-07-01,550644737,1437.248306,1320.554003,116.694303
Agency_30,SKU_03,10272.3,2014-08-01,522726357,1438.07585,1291.377069,146.698781
Agency_30,SKU_03,9599.73,2014-09-01,413051813,1438.764271,1278.258491,160.50578000000002
Agency_30,SKU_03,9815.8842,2014-10-01,438831227,1438.425626,1290.884935,147.54069099999998
Agency_30,SKU_03,8945.6886,2014-11-01,484133145,1439.723354,1255.752975,183.970379
Agency_30,SKU_03,12345.1725,2014-12-01,522571730,1442.0717539999998,1226.792794,215.27896
Agency_30,SKU_03,9072.3348,2015-01-01,498567142,1440.164389,1246.801009,193.36338
Agency_30,SKU_03,9977.22,2015-02-01,417947202,1438.917398,1276.988195,161.929203
Agency_30,SKU_03,11771.16,2015-03-01,515468092,1439.334449,1256.817718,182.516731
Agency_30,SKU_03,11691.3,2015-04-01,503173607,1439.9653859999999,1203.829883,236.13550299999997
Agency_30,SKU_03,12424.95,2015-05-01,572293344,1471.530477,1186.138963,285.39151400000003
Agency_30,SKU_03,10991.8275,2015-06-01,549967070,1510.9397880000001,1223.351659,287.588129
Agency_30,SKU_03,11162.295,2015-07-01,573927221,1513.2748390000002,1252.591583,260.68325600000003
Agency_30,SKU_03,10884.045,2015-08-01,573733505,1513.833906,1291.011814,222.822092
Agency_30,SKU_03,11922.1725,2015-09-01,553979958,1513.223961,1290.0571630000002,223.166798
Agency_30,SKU_03,11365.587,2015-10-01,544203593,1562.511923,1341.604586,220.907337
Agency_30,SKU_03,10590.0588,2015-11-01,561516727,1576.693721,1340.527916,236.16580499999998
Agency_30,SKU_03,13494.885,2015-12-01,568138672,1581.721725,1344.709863,237.011862
Agency_30,SKU_03,9746.1738,2016-01-01,517389425,1591.305394,1308.209061,283.096333
Agency_30,SKU_03,12281.8875,2016-02-01,532697061,1593.4896939999999,1251.473908,342.015786
Agency_30,SKU_03,14553.825,2016-03-01,556542731,1597.502491,1174.206289,423.29620199999994
Agency_30,SKU_03,13580.415,2016-04-01,589172265,1600.301289,875.8444127999999,724.4568762
Agency_30,SKU_03,15522.1575,2016-05-01,555318882,1597.095248,1094.628177,502.467071
Agency_30,SKU_03,11768.9625,2016-06-01,538687923,1614.927587,1146.819017,468.10857000000004
Agency_30,SKU_03,13474.7475,2016-07-01,558020105,1581.608658,1128.485086,453.12357199999997
Agency_30,SKU_03,14311.1325,2016-08-01,668934850,1586.8633519999998,1109.9553859999999,476.907966
Agency_30,SKU_03,12507.9375,2016-09-01,615784543,1612.827464,1133.4132550000002,479.41420899999997
Agency_30,SKU_03,12651.447,2016-10-01,629490371,1677.234235,1300.036334,377.197901
Agency_30,SKU_03,11068.605,2016-11-01,608313158,1676.137588,1329.580358,346.55723
Agency_30,SKU_03,15921.3075,2016-12-01,622509370,1676.193849,1334.350821,341.843028
Agency_30,SKU_03,10547.56125,2017-01-01,562154016,1777.6507,1428.430176,349.220524
Agency_30,SKU_03,12937.17,2017-02-01,530252010,1776.7163460000002,1406.5897300000001,370.126616
Agency_30,SKU_03,14411.985,2017-03-01,613143990,1780.113614,1424.981434,355.13218
Agency_30,SKU_03,12701.34,2017-04-01,589969396,1783.050782,1433.81264,349.238142
Agency_30,SKU_03,14413.1325,2017-05-01,628759461,1785.5319920000002,1399.361631,386.170361
Agency_30,SKU_03,12671.8125,2017-06-01,636846973,1779.0634940000002,1388.879234,390.18426
Agency_30,SKU_03,13561.38,2017-07-01,670015726,1780.5991370000002,1370.893077,409.70606000000004
Agency_30,SKU_03,15417.84,2017-08-01,623319783,1791.198055,1322.309495,468.88856
Agency_30,SKU_03,10228.9875,2017-09-01,604571152,1790.453208,1262.531517,527.921691
Agency_30,SKU_03,14266.1826,2017-10-01,616747012,1726.1390940000001,1402.8421349999999,323.29695899999996
Agency_30,SKU_03,11041.23,2017-11-01,592195062,1728.802912,1427.640817,301.162095
Agency_30,SKU_03,14679.1125,2017-12-01,618073219,1731.003255,1388.201198,342.802057
Agency_49,SKU_03,7969.9122,2013-01-01,492612703,1331.920748,1178.925511,152.995237
Agency_49,SKU_03,7763.235,2013-02-01,431937346,1331.833133,1225.265899,106.56723400000001
Agency_49,SKU_03,8150.955,2013-03-01,509281531,1362.905375,1264.17586,98.729515
Agency_49,SKU_03,9860.805,2013-04-01,532390389,1402.5968990000001,1315.130882,87.46601700000001
Agency_49,SKU_03,10625.505,2013-05-01,551755254,1408.7670380000002,1277.9958,130.77123799999998
Agency_49,SKU_03,11159.3325,2013-06-01,531683569,1413.173804,1220.660132,192.51367199999999
Agency_49,SKU_03,10479.4875,2013-07-01,508376577,1413.605004,1225.381215,188.22378899999998
Agency_49,SKU_03,11850.4275,2013-08-01,532480057,1413.4472660000001,1229.597735,183.849531
Agency_49,SKU_03,7847.415,2013-09-01,454252482,1413.3997630000001,1235.696476,177.70328700000002
Agency_49,SKU_03,8858.466,2013-10-01,480693900,1413.444498,1306.001005,107.44349299999999
Agency_49,SKU_03,8897.6358,2013-11-01,434960682,1413.006656,1291.055953,121.950703
Agency_49,SKU_03,10839.4575,2013-12-01,424138427,1413.5319439999998,1298.973259,114.55868500000001
Agency_49,SKU_03,8016.696,2014-01-01,481364863,1413.4909619999999,1231.504385,181.986577
Agency_49,SKU_03,8758.725,2014-02-01,425528909,1413.101599,1303.019583,110.082016
Agency_49,SKU_03,9749.385,2014-03-01,557166363,1413.120899,1311.023324,102.097575
Agency_49,SKU_03,11075.07,2014-04-01,514349463,1413.37778,1309.141236,104.236544
Agency_49,SKU_03,9691.185,2014-05-01,574689995,1489.079137,1364.816497,124.26263999999999
Agency_49,SKU_03,10094.385,2014-06-01,553838801,1489.2384650000001,1278.8379630000002,210.400502
Agency_49,SKU_03,10535.4075,2014-07-01,550644737,1492.627818,1351.881507,140.74631100000002
Agency_49,SKU_03,10200.4725,2014-08-01,522726357,1494.3245630000001,1312.432297,181.89226599999998
Agency_49,SKU_03,9566.7375,2014-09-01,413051813,1494.1915119999999,1300.348691,193.842821
Agency_49,SKU_03,9364.8816,2014-10-01,438831227,1494.588872,1285.297619,209.291253
Agency_49,SKU_03,8740.1106,2014-11-01,484133145,1494.693005,1266.7088039999999,227.98420099999998
Agency_49,SKU_03,11593.8375,2014-12-01,522571730,1493.884481,1313.444021,180.44046
Agency_49,SKU_03,9447.1974,2015-01-01,498567142,1496.0152460000002,1275.280013,220.735233
Agency_49,SKU_03,7290.6585,2015-02-01,417947202,1495.4465890000001,1369.6269869999999,125.819602
Agency_49,SKU_03,8401.965,2015-03-01,515468092,1495.061341,1398.142724,96.918617
Agency_49,SKU_03,10701.0525,2015-04-01,503173607,1495.610394,1357.505785,138.104609
Agency_49,SKU_03,10119.765,2015-05-01,572293344,1498.4534210000002,1372.902566,125.550855
Agency_49,SKU_03,10072.7325,2015-06-01,549967070,1501.380558,1353.743924,147.63663400000002
Agency_49,SKU_03,10806.21,2015-07-01,573927221,1500.5647529999999,1309.08454,191.480213
Agency_49,SKU_03,10930.2375,2015-08-01,573733505,1497.461691,1310.620597,186.841094
Agency_49,SKU_03,10301.8275,2015-09-01,553979958,1497.976792,1221.935617,276.041175
Agency_49,SKU_03,9886.8636,2015-10-01,544203593,1564.590442,1264.461161,300.129281
Agency_49,SKU_03,10853.0802,2015-11-01,561516727,1565.321045,1249.687901,315.633144
Agency_49,SKU_03,11342.1525,2015-12-01,568138672,1575.154402,1269.923625,305.230777
Agency_49,SKU_03,8034.4619999999995,2016-01-01,517389425,1587.3147789999998,1126.621564,460.693215
Agency_49,SKU_03,10022.565,2016-02-01,532697061,1589.6111310000001,1120.9256380000002,468.68549299999995
Agency_49,SKU_03,12242.7225,2016-03-01,556542731,1585.661975,1120.2423390000001,465.419636
Agency_49,SKU_03,12922.8225,2016-04-01,589172265,1587.346626,1160.975422,426.371204
Agency_49,SKU_03,12524.9475,2016-05-01,555318882,1578.064878,1169.6607,408.404178
Agency_49,SKU_03,13651.14,2016-06-01,538687923,1577.6807919999999,1280.3700529999999,297.310739
Agency_49,SKU_03,11529.7125,2016-07-01,558020105,1577.046608,1306.367175,270.679433
Agency_49,SKU_03,12452.61,2016-08-01,668934850,1581.461362,1326.616808,254.84455400000002
Agency_49,SKU_03,11899.8375,2016-09-01,615784543,1587.626025,1283.81824,303.807785
Agency_49,SKU_03,10695.8502,2016-10-01,629490371,1586.541281,1326.516717,260.024564
Agency_49,SKU_03,10231.78275,2016-11-01,608313158,1586.076206,1321.898258,264.177948
Agency_49,SKU_03,13132.5225,2016-12-01,622509370,1593.871583,1331.343531,262.528052
Agency_49,SKU_03,9286.7355,2017-01-01,562154016,1679.612591,1407.256702,272.355889
Agency_49,SKU_03,9899.31,2017-02-01,530252010,1710.61798,1425.1907119999998,285.427268
Agency_49,SKU_03,11091.5625,2017-03-01,613143990,1712.700526,1420.7117,291.98882599999996
Agency_49,SKU_03,10835.655,2017-04-01,589969396,1714.0944129999998,1434.3512119999998,279.743201
Agency_49,SKU_03,11695.3575,2017-05-01,628759461,1713.679136,1444.282461,269.396675
Agency_49,SKU_03,12769.7775,2017-06-01,636846973,1713.541028,1446.018014,267.523014
Agency_49,SKU_03,12787.035,2017-07-01,670015726,1711.637556,1406.0733539999999,305.564202
Agency_49,SKU_03,12303.8025,2017-08-01,623319783,1713.496853,1437.908225,275.58862799999997
Agency_49,SKU_03,14069.91,2017-09-01,604571152,1714.426125,1279.426496,434.999629
Agency_49,SKU_03,8900.6814,2017-10-01,616747012,1713.795974,1445.581811,268.214163
Agency_49,SKU_03,10221.375,2017-11-01,592195062,1713.9799850000002,1447.308485,266.6715
Agency_49,SKU_03,13767.5475,2017-12-01,618073219,1713.6538269999999,1396.457271,317.196556
Agency_03,SKU_03,6899.7222,2013-01-01,492612703,1260.720158,1148.0758449999998,112.64431299999998
Agency_03,SKU_03,7428.4725,2013-02-01,431937346,1260.250569,1179.435591,80.814978
Agency_03,SKU_03,8412.795,2013-03-01,509281531,1283.313388,1201.191444,82.121944
Agency_03,SKU_03,9355.41,2013-04-01,532390389,1314.700427,1226.964614,87.73581300000001
Agency_03,SKU_03,10914.5025,2013-05-01,551755254,1323.708619,1190.032025,133.676594
Agency_03,SKU_03,11724.375,2013-06-01,531683569,1332.722658,1138.129024,194.593634
Agency_03,SKU_03,11075.2425,2013-07-01,508376577,1334.031073,1144.202925,189.828148
Agency_03,SKU_03,11630.3025,2013-08-01,532480057,1334.800273,1153.218292,181.581981
Agency_03,SKU_03,11087.9325,2013-09-01,454252482,1334.535671,1222.4781560000001,112.057515
Agency_03,SKU_03,9770.1156,2013-10-01,480693900,1333.580633,1173.469082,160.111551
Agency_03,SKU_03,8445.0258,2013-11-01,434960682,1334.205434,1180.425994,153.77944
Agency_03,SKU_03,9958.185,2013-12-01,424138427,1333.449548,1197.964391,135.48515700000002
Agency_03,SKU_03,8051.7204,2014-01-01,481364863,1335.0899689999999,1138.0959990000001,196.99397
Agency_03,SKU_03,9116.835,2014-02-01,425528909,1333.506976,1155.950226,177.55675
Agency_03,SKU_03,10605.285,2014-03-01,557166363,1334.788506,1187.872699,146.915807
Agency_03,SKU_03,10263.675,2014-04-01,514349463,1335.360078,1216.3976460000001,118.962432
Agency_03,SKU_03,9770.1975,2014-05-01,574689995,1407.11931,1274.530112,132.589198
Agency_03,SKU_03,10664.6775,2014-06-01,553838801,1410.478722,1290.169773,120.308949
Agency_03,SKU_03,8798.9925,2014-07-01,550644737,1415.531839,1263.03566,152.496179
Agency_03,SKU_03,10035.165,2014-08-01,522726357,1419.272125,1394.872066,24.400059
Agency_03,SKU_03,8409.915,2014-09-01,413051813,1420.1177369999998,1264.43841,155.679327
Agency_03,SKU_03,9186.9678,2014-10-01,438831227,1418.961049,1396.9319269999999,22.029122
Agency_03,SKU_03,7051.0716,2014-11-01,484133145,1423.093397,1187.1278539999998,235.96554300000003
Agency_03,SKU_03,11579.9625,2014-12-01,522571730,1427.0672880000002,1401.529137,25.538151
Agency_03,SKU_03,7246.4130000000005,2015-01-01,498567142,1428.895432,1407.058801,21.836631
Agency_03,SKU_03,9199.74,2015-02-01,417947202,1424.35049,1176.799577,247.55091299999998
Agency_03,SKU_03,11408.9025,2015-03-01,515468092,1425.545164,776.9889987,648.5561653
Agency_03,SKU_03,12396.69,2015-04-01,503173607,1429.479508,1239.803996,189.675512
Agency_03,SKU_03,12154.9875,2015-05-01,572293344,1451.184976,1314.219503,136.965473
Agency_03,SKU_03,11379.885,2015-06-01,549967070,1478.834626,1222.908809,255.925817
Agency_03,SKU_03,12367.4175,2015-07-01,573927221,1474.511543,1268.407708,206.103835
Agency_03,SKU_03,11824.3725,2015-08-01,573733505,1464.882885,1245.205724,219.67716099999998
Agency_03,SKU_03,11665.155,2015-09-01,553979958,1469.378856,1295.559253,173.819603
Agency_03,SKU_03,9047.7162,2015-10-01,544203593,1533.87568,1328.977144,204.898536
Agency_03,SKU_03,8273.457,2015-11-01,561516727,1533.675352,1293.131335,240.544017
Agency_03,SKU_03,9564.03,2015-12-01,568138672,1549.425533,1378.91286,170.512673
Agency_03,SKU_03,6462.2556,2016-01-01,517389425,1559.121729,1322.941136,236.18059300000002
Agency_03,SKU_03,9785.43,2016-02-01,532697061,1563.518229,1372.179631,191.338598
Agency_03,SKU_03,12255.495,2016-03-01,556542731,1573.801124,1270.300667,303.500457
Agency_03,SKU_03,10794.8775,2016-04-01,589172265,1589.761628,1296.9349619999998,292.826666
Agency_03,SKU_03,13354.365,2016-05-01,555318882,1564.3938380000002,1373.557104,190.836734
Agency_03,SKU_03,10455.0375,2016-06-01,538687923,1551.7636699999998,1213.0564279999999,338.707242
Agency_03,SKU_03,10952.9925,2016-07-01,558020105,1559.5707630000002,1243.447833,316.12293
Agency_03,SKU_03,10671.69,2016-08-01,668934850,1559.930265,1213.417078,346.513187
Agency_03,SKU_03,11923.695,2016-09-01,615784543,1559.520539,1246.087941,313.432598
Agency_03,SKU_03,10276.5828,2016-10-01,629490371,1557.429484,1329.5457689999998,227.883715
Agency_03,SKU_03,8042.9475,2016-11-01,608313158,1557.699426,1325.312823,232.38660299999998
Agency_03,SKU_03,10171.3575,2016-12-01,622509370,1561.782339,1335.110409,226.67192999999997
Agency_03,SKU_03,6602.27925,2017-01-01,562154016,1649.1005599999999,1406.731376,242.369184
Agency_03,SKU_03,8920.4475,2017-02-01,530252010,1684.623899,1382.345259,302.27864
Agency_03,SKU_03,10624.7625,2017-03-01,613143990,1686.1267879999998,1354.420102,331.706686
Agency_03,SKU_03,9049.2375,2017-04-01,589969396,1687.729999,1366.395014,321.334985
Agency_03,SKU_03,12963.09,2017-05-01,628759461,1687.2746280000001,1355.686085,331.588543
Agency_03,SKU_03,12966.135,2017-06-01,636846973,1687.146809,1353.182511,333.964298
Agency_03,SKU_03,12974.6775,2017-07-01,670015726,1687.1564489999998,1345.518842,341.637607
Agency_03,SKU_03,12362.85,2017-08-01,623319783,1687.404777,1341.596374,345.808403
Agency_03,SKU_03,12844.395,2017-09-01,604571152,1687.405043,1242.294873,445.11017000000004
Agency_03,SKU_03,8956.4328,2017-10-01,616747012,1687.189077,1368.733012,318.45606499999997
Agency_03,SKU_03,9771.6375,2017-11-01,592195062,1686.4452649999998,1370.504129,315.941136
Agency_03,SKU_03,11057.73,2017-12-01,618073219,1686.572194,1344.947877,341.624317
Agency_38,SKU_01,7569.396,2013-01-01,492612703,1166.4895060000001,1117.044979,49.444527
Agency_38,SKU_01,8183.595,2013-02-01,431937346,1166.253458,1136.350481,29.902977000000003
Agency_38,SKU_01,9334.6575,2013-03-01,509281531,1203.731444,1173.454099,30.277345
Agency_38,SKU_01,9248.145,2013-04-01,532390389,1236.25804,1203.500624,32.757416
Agency_38,SKU_01,9905.22,2013-05-01,551755254,1240.837159,1204.848395,35.988764
Agency_38,SKU_01,8223.3375,2013-06-01,531683569,1241.072125,1197.757382,43.314743
Agency_38,SKU_01,8544.525,2013-07-01,508376577,1262.707846,1229.424639,33.283207
Agency_38,SKU_01,8594.3175,2013-08-01,532480057,1267.510409,1230.93492,36.575489000000005
Agency_38,SKU_01,6813.396,2013-09-01,454252482,1270.433475,1224.31271,46.120765000000006
Agency_38,SKU_01,8354.448,2013-10-01,480693900,1272.4602539999998,1244.243295,28.216959000000003
Agency_38,SKU_01,8053.884,2013-11-01,434960682,1270.799059,1223.256078,47.542981
Agency_38,SKU_01,10635.3,2013-12-01,424138427,1272.33805,1204.553566,67.78448399999999
Agency_38,SKU_01,7828.92,2014-01-01,481364863,1269.631558,1164.2738789999999,105.357679
Agency_38,SKU_01,10041.84,2014-02-01,425528909,1271.4721869999998,1101.416024,170.056163
Agency_38,SKU_01,10240.7775,2014-03-01,557166363,1270.7429769999999,1081.588749,189.154228
Agency_38,SKU_01,10739.955,2014-04-01,514349463,1278.182586,1098.584961,179.597625
Agency_38,SKU_01,6818.04,2014-05-01,574689995,1332.89312,1154.35624,178.53688
Agency_38,SKU_01,9063.255,2014-06-01,553838801,1307.932639,1128.502013,179.430626
Agency_38,SKU_01,9608.115,2014-07-01,550644737,1318.057763,1140.957893,177.09986999999998
Agency_38,SKU_01,10395.975,2014-08-01,522726357,1318.548887,1163.914447,154.63443999999998
Agency_38,SKU_01,8251.305,2014-09-01,413051813,1340.2088390000001,1168.5953769999999,171.613462
Agency_38,SKU_01,8650.26,2014-10-01,438831227,1340.164499,1247.728613,92.435886
Agency_38,SKU_01,8301.96,2014-11-01,484133145,1341.669911,1239.18458,102.485331
Agency_38,SKU_01,10661.5425,2014-12-01,522571730,1340.02517,1270.946222,69.078948
Agency_38,SKU_01,8518.716,2015-01-01,498567142,1339.882082,1254.253852,85.62823
Agency_38,SKU_01,9149.115,2015-02-01,417947202,1332.830503,1203.451961,129.37854199999998
Agency_38,SKU_01,14068.725,2015-03-01,515468092,1328.759683,1055.209143,273.55054
Agency_38,SKU_01,12297.42,2015-04-01,503173607,1324.54781,919.2203973,405.32741269999997
Agency_38,SKU_01,10442.3025,2015-05-01,572293344,1327.8630349999999,977.6807964,350.18223860000006
Agency_38,SKU_01,9258.3,2015-06-01,549967070,1377.753731,1072.301035,305.452696
Agency_38,SKU_01,11080.8,2015-07-01,573927221,1363.425683,1094.905688,268.519995
Agency_38,SKU_01,10744.92,2015-08-01,573733505,1366.344843,1093.397666,272.947177
Agency_38,SKU_01,10182.135,2015-09-01,553979958,1359.514895,1061.0726550000002,298.44223999999997
Agency_38,SKU_01,9653.364,2015-10-01,544203593,1382.219394,1125.21605,257.00334399999997
Agency_38,SKU_01,9679.284,2015-11-01,561516727,1374.0586970000002,1115.149115,258.909582
Agency_38,SKU_01,11951.385,2015-12-01,568138672,1389.699852,1152.59717,237.102682
Agency_38,SKU_01,7906.571999999999,2016-01-01,517389425,1413.08429,1035.1006849999999,377.98360499999995
Agency_38,SKU_01,9262.9425,2016-02-01,532697061,1406.529765,1189.747081,216.782684
Agency_38,SKU_01,11634.6225,2016-03-01,556542731,1400.937067,1333.26606,67.67100699999999
Agency_38,SKU_01,11258.565,2016-04-01,589172265,1421.197136,1042.9699289999999,378.22720699999996
Agency_38,SKU_01,10300.5,2016-05-01,555318882,1440.313635,1099.534198,340.77943700000003
Agency_38,SKU_01,11273.685,2016-06-01,538687923,1445.949416,1054.347506,391.60191000000003
Agency_38,SKU_01,11630.085,2016-07-01,558020105,1468.8029390000002,1035.6407179999999,433.162221
Agency_38,SKU_01,11001.855,2016-08-01,668934850,1469.419158,1244.4624410000001,224.956717
Agency_38,SKU_01,9914.0775,2016-09-01,615784543,1519.468088,1310.796626,208.67146200000002
Agency_38,SKU_01,10579.896,2016-10-01,629490371,1561.3771179999999,1282.859071,278.518047
Agency_38,SKU_01,11029.931999999999,2016-11-01,608313158,1544.525287,1272.0100810000001,272.515206
Agency_38,SKU_01,12680.385,2016-12-01,622509370,1589.595128,1284.148665,305.446463
Agency_38,SKU_01,9468.9,2017-01-01,562154016,1617.686051,1287.430426,330.255625
Agency_38,SKU_01,10353.525,2017-02-01,530252010,1641.832059,1325.444471,316.387588
Agency_38,SKU_01,11171.7375,2017-03-01,613143990,1639.298131,1313.1340710000002,326.16406
Agency_38,SKU_01,12825.435,2017-04-01,589969396,1641.7799699999998,1247.1211460000002,394.65882400000004
Agency_38,SKU_01,12794.655,2017-05-01,628759461,1667.424677,1360.4669509999999,306.957726
Agency_38,SKU_01,10740.705,2017-06-01,636846973,1674.775588,1362.159602,312.61598599999996
Agency_38,SKU_01,11940.1575,2017-07-01,670015726,1673.628949,1334.3507029999998,339.278246
Agency_38,SKU_01,12617.64,2017-08-01,623319783,1672.953002,1332.6825880000001,340.270414
Agency_38,SKU_01,11943.9375,2017-09-01,604571152,1675.821089,1226.108487,449.71260199999995
Agency_38,SKU_01,13364.784,2017-10-01,616747012,1678.0402969999998,1235.7333939999999,442.30690300000003
Agency_38,SKU_01,9630.255,2017-11-01,592195062,1669.206481,1305.9631539999998,363.243327
Agency_38,SKU_01,13183.665,2017-12-01,618073219,1704.697964,1390.782062,313.915902
